{
    "d0_e24_mae": 0.4779785789396089,
    "d0_e24_mse": 0.3063397593970204,
    "d1_e55_mae": 0.2969802586706846,
    "d1_e55_mse": 0.1437631294614129
}